"chr","position","reference","alternative","depth","frequency","strand_balance","freebayes_score","effect_type","mutation_type","effect_impact","gene_name","CDS_position","codon_change","prot_effect","prot_size"
"FN433596","11505","T","C","472","1","0.48","14794.2","synonymous_variant","SILENT","LOW","hutH","615T>C","gtT/gtC","Val205Val","504"
"FN433596","11842","G","A","543","1","0.5","17617.5","missense_variant","MISSENSE","MODERATE","hutH","952G>A","Gca/Aca","Ala318Thr","504"
"FN433596","14207","C","T","519","1","0.45","17074","intergenic_region","","MODIFIER","","14207C>T","","",""
"FN433596","16360","A","G","500","1","0.47","16174.8","missense_variant","MISSENSE","MODERATE","SATW20_00120","265A>G","Agt/Ggt","Ser89Gly","322"
"FN433596","36530","TAAAAAAAAAT","TAAAAAAAAT","439","0.99","0.42","14607.1","frameshift_variant","","HIGH","SATW20_00280","680delA","aat/","Asn227fs","495"
"FN433596","44866","T","C","489","1","0.49","16028.2","splice_donor_variant+intron_variant","","HIGH","SATW20_00380","180+1T>C","","","103"
"FN433596","54430","GTTTTTTTTG","GTTTTTTTG","442","0.99","0.46","14730.2","frameshift_variant+start_lost","","HIGH","SATW20_00490","2delT","ttg/","Met1fs","138"
"FN433596","59851","GAAAAAAAAG","GAAAAAAAG","469","0.97","0.45","14809.1","frameshift_variant","","HIGH","SATW20_00550","291delA","aaa/","Glu98fs","448"
"FN433596","61851","T","G","408","1","0.39","12800","missense_variant","MISSENSE","MODERATE","SATW20_00570","213T>G","atT/atG","Ile71Met","117"
"FN433596","61924","T","C","440","1","0.42","14361.5","missense_variant","MISSENSE","MODERATE","SATW20_00570","286T>C","Ttt/Ctt","Phe96Leu","117"
"FN433596","62294","T","C","423","1","0.49","13085.6","synonymous_variant","SILENT","LOW","SATW20_00580","306T>C","ttT/ttC","Phe102Phe","226"
"FN433596","66179","A","T","462","1","0.5","14321.8","missense_variant","MISSENSE","MODERATE","SATW20_00620","141T>A","agT/agA","Ser47Arg","182"
"FN433596","74903","A","C","146","1","0.49","4316.63","stop_lost+splice_region_variant","MISSENSE","HIGH","SATW20_00710","210A>C","taA/taC","Ter70Tyrext*?","69"
"FN433596","74914","G","A","28","0.96","0.44","810.565","intergenic_region","","MODIFIER","","74914G>A","","",""
"FN433596","75182","AA","GC","434","1","0.46","14427","intergenic_region","","MODIFIER","","75182_75183delAAinsGC","","",""
"FN433596","75199","A","C","517","1","0.46","17090","intergenic_region","","MODIFIER","","75199A>C","","",""
"FN433596","79036","T","C","500","1","0.42","16788.5","start_lost","MISSENSE","HIGH","mecR1","2T>C","aTg/aCg","Met1?","551"
"FN433596","81790","T","C","501","0.99","0.49","16008.3","missense_variant","MISSENSE","MODERATE","SATW20_00770","257T>C","tTa/tCa","Leu86Ser","382"
"FN433596","87846","GGAT","AAAC","283","1","0.47","9569","missense_variant","","MODERATE","cadA","1798_1801delATCCinsGTTT","atccta/GTTTta","Ile600Val","804"
"FN433596","87856","ATTG","TTTA","327","0.99","0.48","10548.2","missense_variant","","MODERATE","cadA","1788_1791delCAATinsTAAA","aacaat/aaTAAA","Asn597Lys","804"
"FN433596","87869","C","T","461","1","0.49","14598","missense_variant","MISSENSE","MODERATE","cadA","1778G>A","gGg/gAg","Gly593Glu","804"
"FN433596","88870","C","T","462","1","0.48","14300.3","synonymous_variant","SILENT","LOW","cadA","777G>A","gcG/gcA","Ala259Ala","804"
"FN433596","89281","T","C","483","1","0.47","15709.1","synonymous_variant","SILENT","LOW","cadA","366A>G","gtA/gtG","Val122Val","804"
"FN433596","89290","G","A","477","1","0.45","15581.4","synonymous_variant","SILENT","LOW","cadA","357C>T","gaC/gaT","Asp119Asp","804"
"FN433596","105752","G","T","545","0.99","0.49","17226.8","intergenic_region","","MODIFIER","","105752G>T","","",""
"FN433596","109542","A","G","522","1","0.46","16793.7","missense_variant","MISSENSE","MODERATE","SATW20_01040","158T>C","gTa/gCa","Val53Ala","463"
"FN433596","115674","A","G","574","1","0.48","19212.1","missense_variant","MISSENSE","MODERATE","SATW20_01120","464A>G","gAa/gGa","Glu155Gly","1050"
"FN433596","121256","A","G","520","1","0.44","17417.4","missense_variant","MISSENSE","MODERATE","SATW20_01160","53A>G","aAa/aGa","Lys18Arg","745"
"FN433596","129028","T","C","528","0.99","0.46","17322.9","synonymous_variant","SILENT","LOW","SATW20_01200","1380A>G","acA/acG","Thr460Thr","591"
"FN433596","144517","ATT","ATTT","468","0.92","0.44","12125.2","intergenic_region","","MODIFIER","","144519_144520insT","","",""
"FN433596","151777","G","A","467","1","0.42","15075.7","missense_variant","MISSENSE","MODERATE","SATW20_01380","64G>A","Gaa/Aaa","Glu22Lys","258"
"FN433596","157878","C","T","569","1","0.49","19020.2","synonymous_variant","SILENT","LOW","SATW20_01430","837C>T","agC/agT","Ser279Ser","476"
"FN433596","160458","ATTTTTTTC","ATTTTTTTTC","499","0.96","0.46","15154","intergenic_region","","MODIFIER","","160465_160466insT","","",""
"FN433596","161417","G","A","553","1","0.49","18524.1","intergenic_region","","MODIFIER","","161417G>A","","",""
"FN433596","195003","T","C","537","1","0.5","17765","missense_variant","MISSENSE","MODERATE","isdI","111A>G","atA/atG","Ile37Met","108"
"FN433596","210768","T","C","519","1","0.47","16895.2","missense_variant","MISSENSE","MODERATE","SATW20_01890","3080T>C","aTa/aCa","Ile1027Thr","2397"
"FN433596","220135","A","G","448","0.99","0.5","12654.4","missense_variant","MISSENSE","MODERATE","SATW20_01950","791T>C","gTg/gCg","Val264Ala","394"
"FN433596","229046","G","A","447","1","0.48","14768.8","synonymous_variant","SILENT","LOW","SATW20_02010","15G>A","acG/acA","Thr5Thr","298"
"FN433596","233912","G","A","467","1","0.48","15040.4","missense_variant","MISSENSE","MODERATE","SATW20_02050","952G>A","Gtc/Atc","Val318Ile","929"
"FN433596","253114","T","C","514","1","0.46","16863.8","missense_variant","MISSENSE","MODERATE","SATW20_02180","1064T>C","gTa/gCa","Val355Ala","359"
"FN433596","262199","A","G","489","0.99","0.46","15427.7","missense_variant","MISSENSE","MODERATE","SATW20_02260","298A>G","Ata/Gta","Ile100Val","749"
"FN433596","275231","G","A","531","1","0.49","17711.3","intergenic_region","","MODIFIER","","275231G>A","","",""
"FN433596","284769","T","C","508","0.99","0.43","14386.5","intergenic_region","","MODIFIER","","284769T>C","","",""
"FN433596","287903","T","G","460","1","0.38","14034.4","synonymous_variant","SILENT","LOW","SATW20_02440","93A>C","atA/atC","Ile31Ile","509"
"FN433596","291742","T","C","576","1","0.47","18506","synonymous_variant","SILENT","LOW","SATW20_02470","30T>C","aaT/aaC","Asn10Asn","155"
"FN433596","295430","G","A","385","1","0.41","11758.9","synonymous_variant","SILENT","LOW","SATW20_02520","219G>A","acG/acA","Thr73Thr","347"
"FN433596","311038","G","A","483","1","0.48","16187.4","missense_variant","MISSENSE","MODERATE","lytR","368G>A","gGt/gAt","Gly123Asp","246"
"FN433596","313218","G","A","500","1","0.46","16531.8","missense_variant","MISSENSE","MODERATE","SATW20_02660","217G>A","Ggc/Agc","Gly73Ser","763"
"FN433596","327331","A","G","538","1","0.46","17954.2","intergenic_region","","MODIFIER","","327331A>G","","",""
"FN433596","330770","G","A","491","1","0.49","16372.2","synonymous_variant","SILENT","LOW","SATW20_02810","409C>T","Cta/Tta","Leu137Leu","388"
"FN433596","332966","A","G","464","1","0.49","14931.6","intergenic_region","","MODIFIER","","332966A>G","","",""
"FN433596","341296","A","T","522","1","0.46","17648.3","synonymous_variant","SILENT","LOW","essC","1611A>T","atA/atT","Ile537Ile","1482"
"FN433596","349487","A","G","499","1","0.47","16755.4","missense_variant","MISSENSE","MODERATE","SATW20_02980","271A>G","Aaa/Gaa","Lys91Glu","166"
"FN433596","354600","G","A","490","1","0.46","16354.9","missense_variant","MISSENSE","MODERATE","SATW20_03070","389G>A","gGa/gAa","Gly130Glu","162"
"FN433596","358443","C","T","505","1","0.49","16867.5","missense_variant","MISSENSE","MODERATE","SATW20_03110","421G>A","Gat/Aat","Asp141Asn","435"
"FN433596","359578","T","C","430","1","0.48","14286.7","synonymous_variant","SILENT","LOW","SATW20_03120","132T>C","tcT/tcC","Ser44Ser","296"
"FN433596","362356","A","G","503","1","0.48","16551.4","intergenic_region","","MODIFIER","","362356A>G","","",""
"FN433596","373718","G","T","530","1","0.48","17627.6","missense_variant","MISSENSE","MODERATE","SATW20_03240","337C>A","Cac/Aac","His113Asn","437"
"FN433596","375778","G","T","479","1","0.45","15737.5","splice_acceptor_variant+intron_variant","","HIGH","geh","1306-1G>T","","","690"
"FN433596","376982","A","T","467","1","0.49","15294.8","synonymous_variant","SILENT","LOW","SATW20_03260","723T>A","gtT/gtA","Val241Val","401"
"FN433596","380748","ATTTTTTG","ATTTTTG","412","1","0.47","13842.3","intron_variant","","MODIFIER","geh","1932+4349delT","","","690"
"FN433596","390811","C","T","502","1","0.49","16908.5","synonymous_variant","SILENT","LOW","SATW20_03510","54C>T","aaC/aaT","Asn18Asn","102"
"FN433596","400549","AAGGA","GAGGG","399","0.99","0.45","14141.8","missense_variant","","MODERATE","SATW20_03700","235_239delAAGGAinsGAGGG","aaggat/GAGGGt","LysAsp79GluGly","111"
"FN433596","402211","T","G","507","1","0.5","16644.1","missense_variant","MISSENSE","MODERATE","SATW20_03740","103T>G","Tca/Gca","Ser35Ala","164"
"FN433596","404269","A","G","502","1","0.48","16336.7","synonymous_variant","SILENT","LOW","SATW20_03760","1302A>G","gcA/gcG","Ala434Ala","989"
"FN433596","414317","A","G","416","1","0.47","12543.1","missense_variant","MISSENSE","MODERATE","SATW20_03840","766A>G","Aca/Gca","Thr256Ala","624"
"FN433596","416513","C","A","474","1","0.47","15538.3","synonymous_variant","SILENT","LOW","SATW20_03850","1075C>A","Cgg/Agg","Arg359Arg","412"
"FN433596","427755","C","T","471","1","0.44","15691.2","missense_variant","MISSENSE","MODERATE","SATW20_03960","803C>T","cCt/cTt","Pro268Leu","341"
"FN433596","432308","T","C","524","1","0.5","17528.4","intergenic_region","","MODIFIER","","432308T>C","","",""
"FN433596","434733","T","C","501","1","0.48","16553.4","stop_lost+splice_region_variant","MISSENSE","HIGH","mepB","415T>C","Taa/Caa","Ter139Glnext*?","138"
"FN433596","437422","A","G","559","1","0.5","18397.6","synonymous_variant","SILENT","LOW","SATW20_04050","915A>G","ttA/ttG","Leu305Leu","308"
"FN433596","455713","G","A","527","1","0.43","17293.9","synonymous_variant","SILENT","LOW","SATW20_04250","1773C>T","aaC/aaT","Asn591Asn","613"
"FN433596","456076","A","G","454","1","0.45","14983","synonymous_variant","SILENT","LOW","SATW20_04250","1410T>C","ccT/ccC","Pro470Pro","613"
"FN433596","483309","T","C","463","1","0.49","15572.4","synonymous_variant","SILENT","LOW","pbuX","909T>C","taT/taC","Tyr303Tyr","422"
"FN433596","483639","A","G","489","1","0.47","16250","synonymous_variant","SILENT","LOW","pbuX","1239A>G","aaA/aaG","Lys413Lys","422"
"FN433596","486813","C","T","524","1","0.46","17361.2","synonymous_variant","SILENT","LOW","SATW20_04580","1188G>A","gtG/gtA","Val396Val","397"
"FN433596","489288","T","G","514","1","0.48","16509.3","splice_acceptor_variant+intron_variant","","HIGH","SATW20_04600","145-1A>C","","","159"
"FN433596","493370","ACT","ACCT","339","0.95","0.3","9907.48","frameshift_variant","","HIGH","SATW20_04630","464_465insG","gag/gaGg","Tyr156fs","311"
"FN433596","496470","G","A","490","1","0.45","15897.6","synonymous_variant","SILENT","LOW","SATW20_04660","420C>T","tcC/tcT","Ser140Ser","675"
"FN433596","497232","GG","GCTTTTCCTTG","259","0.94","0.48","6403.16","conservative_inframe_insertion","","MODERATE","SATW20_04670","2098_2099insAAGGAAAAG","cct/cAAGGAAAAGct","Pro700delinsGlnGlyLysAla","814"
"FN433596","497516","G","A","493","1","0.49","15896","synonymous_variant","SILENT","LOW","SATW20_04670","1815C>T","gaC/gaT","Asp605Asp","814"
"FN433596","512410","G","A","447","1","0.48","13927.2","intergenic_region","","MODIFIER","","512410G>A","","",""
"FN433596","518570","C","T","503","1","0.49","15232.1","synonymous_variant","SILENT","LOW","SATW20_04890","291G>A","ggG/ggA","Gly97Gly","178"
"FN433596","523559","A","G","453","1","0.49","15087.1","synonymous_variant","SILENT","LOW","SATW20_04960","300A>G","gtA/gtG","Val100Val","226"
"FN433596","531528","TTTA","CCTT","107","1","0.23","3178.63","synonymous_variant","","LOW","SATW20_05040","300_303delTTTAinsCCTT","ggttta/ggCCTT","102","232"
"FN433596","532573","CGATA","AGATG","15","1","0.47","1253.87","missense_variant","","MODERATE","set5","267_271delCGATAinsAGATG","gacgataaa/gaAGATGaa","AspAspLys89GluAspGlu","232"
"FN433596","532588","T","C","206","1","0.35","6296.74","synonymous_variant","SILENT","LOW","set5","282T>C","taT/taC","Tyr94Tyr","232"
"FN433596","538167","G","A","462","1","0.47","15467.7","missense_variant","MISSENSE","MODERATE","SATW20_05110","8G>A","gGa/gAa","Gly3Glu","502"
"FN433596","547859","G","A","485","1","0.42","15985.3","missense_variant","MISSENSE","MODERATE","SATW20_05210","202G>A","Gat/Aat","Asp68Asn","494"
"FN433596","550390","A","G","430","1","0.48","14142.6","synonymous_variant","SILENT","LOW","SATW20_05220","1236A>G","caA/caG","Gln412Gln","901"
"FN433596","553431","G","A","430","1","0.49","13534.6","missense_variant","MISSENSE","MODERATE","SATW20_05250","365G>A","cGt/cAt","Arg122His","224"
"FN433596","555246","T","C","352","0.93","0.41","8357.09","synonymous_variant","SILENT","LOW","SATW20_05270","282T>C","ggT/ggC","Gly94Gly","446"
"FN433596","570282","A","T","409","1","0.47","13241.9","synonymous_variant","SILENT","LOW","gltA","2805A>T","ccA/ccT","Pro935Pro","1499"
"FN433596","573130","A","G","454","1","0.49","14516.3","missense_variant","MISSENSE","MODERATE","gltB","1136A>G","cAc/cGc","His379Arg","487"
"FN433596","582563","GTTTTTTTTG","GTTTTTTTG","451","1","0.47","15133.4","intergenic_region","","MODIFIER","","582571delT","","",""
"FN433596","595806","G","A","549","1","0.49","18333.8","intergenic_region","","MODIFIER","","595806G>A","","",""
"FN433596","598658","ATCACCG","AA","101","1","0.41","2770.62","intergenic_region","","MODIFIER","","598659_598664delTCACCGinsA","","",""
"FN433596","598668","TAAATGT","TAGCATATT","101","1","0.41","3014.07","intergenic_region","","MODIFIER","","598670_598674delAATGTinsGCATATT","","",""
"FN433596","603060","AGGGGGGC","AGGGGGGGGC","364","0.93","0.46","10495.7","intergenic_region","","MODIFIER","","603066_603067insGG","","",""
"FN433596","614210","C","T","401","0.98","0.49","11244.3","missense_variant","MISSENSE","MODERATE","SATW20_05740","128C>T","gCt/gTt","Ala43Val","87"
"FN433596","619700","A","T","510","1","0.49","16926.2","intergenic_region","","MODIFIER","","619700A>T","","",""
"FN433596","638407","A","G","462","1","0.48","13154.5","synonymous_variant","SILENT","LOW","SATW20_05930","78A>G","agA/agG","Arg26Arg","335"
"FN433596","638873","C","A","446","1","0.47","14640.8","missense_variant","MISSENSE","MODERATE","SATW20_05930","544C>A","Ctg/Atg","Leu182Met","335"
"FN433596","646956","CTC","CTTC","411","0.92","0.45","11131.4","intragenic_variant","","MODIFIER","SATW20_m060","646957_646958insT","","",""
"FN433596","648602","G","A","499","0.99","0.48","15344.5","missense_variant","MISSENSE","MODERATE","cysS","785G>A","gGt/gAt","Gly262Asp","466"
"FN433596","648739","G","C","419","1","0.5","13760.8","missense_variant","MISSENSE","MODERATE","cysS","922G>C","Gta/Cta","Val308Leu","466"
"FN433596","657724","C","A","473","1","0.47","15617","missense_variant","MISSENSE","MODERATE","rpoB","1441C>A","Cat/Aat","His481Asn","1183"
"FN433596","657869","C","T","508","1","0.44","16920.8","missense_variant","MISSENSE","MODERATE","rpoB","1586C>T","tCa/tTa","Ser529Leu","1183"
"FN433596","659803","G","A","455","1","0.49","14123.4","missense_variant","MISSENSE","MODERATE","rpoB","3520G>A","Gct/Act","Ala1174Thr","1183"
"FN433596","672643","CTTTTTTTTG","CTTTTTTTTTG","408","0.95","0.43","12094.7","intergenic_region","","MODIFIER","","672651_672652insT","","",""
"FN433596","684175","C","T","409","1","0.44","12172","synonymous_variant","SILENT","LOW","sdrC","2301C>T","gaC/gaT","Asp767Asp","923"
"FN433596","701098","GAAAAAAC","GAAAAAC","445","0.96","0.47","13806.9","frameshift_variant","","HIGH","SATW20_06420","315delA","aaa/","Lys105fs","215"
"FN433596","701527","A","T","491","1","0.48","16613","intergenic_region","","MODIFIER","","701527A>T","","",""
"FN433596","721948","C","T","470","1","0.48","15739","missense_variant","MISSENSE","MODERATE","SATW20_06630","238G>A","Gat/Aat","Asp80Asn","440"
"FN433596","725262","T","C","490","1","0.49","16365.5","missense_variant","MISSENSE","MODERATE","SATW20_06660","613T>C","Ttt/Ctt","Phe205Leu","208"
"FN433596","726242","T","C","438","0.97","0.5","11460.2","missense_variant","MISSENSE","MODERATE","SATW20_06680","112T>C","Tca/Cca","Ser38Pro","205"
"FN433596","728420","G","T","392","1","0.49","12966.3","missense_variant","MISSENSE","MODERATE","SATW20_06710","22G>T","Gct/Tct","Ala8Ser","213"
"FN433596","729025","T","A","473","1","0.47","15952.2","missense_variant","MISSENSE","MODERATE","SATW20_06710","627T>A","ttT/ttA","Phe209Leu","213"
"FN433596","731723","TGG","TG","431","0.96","0.49","13903.6","frameshift_variant","","HIGH","SATW20_06750","54delG","tgg/","Trp18fs","187"
"FN433596","736330","C","A","452","1","0.49","14788.6","missense_variant","MISSENSE","MODERATE","SATW20_06800","595C>A","Ctt/Att","Leu199Ile","431"
"FN433596","747682","A","G","466","1","0.48","15269.6","synonymous_variant","SILENT","LOW","SATW20_06910","495A>G","ggA/ggG","Gly165Gly","238"
"FN433596","752316","T","C","469","1","0.47","15279.7","synonymous_variant","SILENT","LOW","SATW20_06970","156T>C","gtT/gtC","Val52Val","186"
"FN433596","761049","A","C","489","1","0.42","16301.8","intergenic_region","","MODIFIER","","761049A>C","","",""
"FN433596","773706","G","C","456","1","0.46","15080.5","missense_variant","MISSENSE","MODERATE","abcA","191G>C","gGt/gCt","Gly64Ala","575"
"FN433596","777328","C","T","428","1","0.49","14450.5","intergenic_region","","MODIFIER","","777328C>T","","",""
"FN433596","794492","G","A","424","1","0.47","14241.4","intergenic_region","","MODIFIER","","794492G>A","","",""
"FN433596","802199","T","C","431","1","0.44","14300.7","synonymous_variant","SILENT","LOW","SATW20_07440","54T>C","aaT/aaC","Asn18Asn","238"
"FN433596","804561","A","T","469","1","0.46","15463.4","synonymous_variant","SILENT","LOW","SATW20_07470","114A>T","gcA/gcT","Ala38Ala","288"
"FN433596","834337","A","G","489","1","0.47","16366.9","intergenic_region","","MODIFIER","","834337A>G","","",""
"FN433596","837918","T","C","433","1","0.49","14265.3","missense_variant","MISSENSE","MODERATE","saeR","357A>G","atA/atG","Ile119Met","228"
"FN433596","845841","GAAAAAAT","GAAAAAT","402","0.96","0.48","13117.2","frameshift_variant","","HIGH","SATW20_07920","528delA","aaa/","Lys176fs","236"
"FN433596","858709","A","G","447","1","0.5","14699.1","intergenic_region","","MODIFIER","","858709A>G","","",""
"FN433596","863491","C","T","442","1","0.5","13893.5","intergenic_region","","MODIFIER","","863491C>T","","",""
"FN433596","873966","T","C","481","1","0.48","16163.1","synonymous_variant","SILENT","LOW","SATW20_08140","510A>G","aaA/aaG","Lys170Lys","172"
"FN433596","886709","T","G","454","1","0.49","15068.9","missense_variant","MISSENSE","MODERATE","SATW20_08260","613T>G","Tca/Gca","Ser205Ala","224"
"FN433596","897795","T","C","375","1","0.49","11751.7","synonymous_variant","SILENT","LOW","uvrA","1455T>C","ggT/ggC","Gly485Gly","948"
"FN433596","907862","A","C","464","1","0.49","15252.6","synonymous_variant","SILENT","LOW","SATW20_08420","513A>C","gcA/gcC","Ala171Ala","314"
"FN433596","910495","G","A","455","1","0.49","15015.9","synonymous_variant","SILENT","LOW","SATW20_08440","105C>T","gaC/gaT","Asp35Asp","300"
"FN433596","917920","T","C","363","1","0.5","11339.1","synonymous_variant","SILENT","LOW","pgm","1056T>C","cgT/cgC","Arg352Arg","505"
"FN433596","932718","C","T","452","1","0.48","15089.9","missense_variant","MISSENSE","MODERATE","SATW20_08630","275C>T","gCt/gTt","Ala92Val","508"
"FN433596","936873","G","A","402","1","0.49","12935.7","missense_variant","MISSENSE","MODERATE","nuc","385G>A","Ggt/Agt","Gly129Ser","228"
"FN433596","947487","A","G","451","1","0.48","15057.4","missense_variant","MISSENSE","MODERATE","SATW20_08830","457A>G","Aat/Gat","Asn153Asp","292"
"FN433596","948028","T","C","76","1","0.47","2181.95","intergenic_region","","MODIFIER","","948028T>C","","",""
"FN433596","948037","A","T","13","1","0.46","360.718","intergenic_region","","MODIFIER","","948037A>T","","",""
"FN433596","950697","T","C","412","0.99","0.46","12636.1","missense_variant","MISSENSE","MODERATE","SATW20_08870","104T>C","gTc/gCc","Val35Ala","231"
"FN433596","951980","A","G","461","1","0.5","15417.2","missense_variant","MISSENSE","MODERATE","SATW20_08880","674A>G","aAa/aGa","Lys225Arg","273"
"FN433596","956078","CAAAAAAG","CAAAAAAAG","379","0.97","0.48","12185.4","intergenic_region","","MODIFIER","","956084_956085insA","","",""
"FN433596","957015","CAAAAAAT","CAAAAAAAT","404","0.95","0.49","12319.6","frameshift_variant","","HIGH","SATW20_08970","55dupA","att/aAtt","Ile19fs","97"
"FN433596","965463","C","T","449","1","0.49","14139.6","missense_variant","MISSENSE","MODERATE","SATW20_09100","137C>T","gCt/gTt","Ala46Val","142"
"FN433596","980054","C","T","403","1","0.44","12983.4","missense_variant","MISSENSE","MODERATE","SATW20_09240","823C>T","Cgt/Tgt","Arg275Cys","439"
"FN433596","980080","T","C","394","1","0.42","12915.7","synonymous_variant","SILENT","LOW","SATW20_09240","849T>C","gcT/gcC","Ala283Ala","439"
"FN433596","980147","T","A","434","1","0.45","14302.7","missense_variant","MISSENSE","MODERATE","SATW20_09240","916T>A","Tta/Ata","Leu306Ile","439"
"FN433596","982173","T","C","417","1","0.44","13960","missense_variant","MISSENSE","MODERATE","SATW20_09270","238A>G","Act/Gct","Thr80Ala","88"
"FN433596","1007689","TAAAAAG","TAAAAAAG","327","0.94","0.48","9956.81","frameshift_variant","","HIGH","SATW20_09560","394dupA","agt/aAgt","Ser132fs","375"
"FN433596","1019659","G","T","467","1","0.46","15758","synonymous_variant","SILENT","LOW","SATW20_09660","327G>T","ctG/ctT","Leu109Leu","1158"
"FN433596","1020360","C","T","431","1","0.49","14332.6","missense_variant","MISSENSE","MODERATE","SATW20_09660","1028C>T","gCt/gTt","Ala343Val","1158"
"FN433596","1039675","AATATATATA","AATATATATATA","380","0.91","0.48","10739.5","frameshift_variant","","HIGH","SATW20_09780","675_676dupTA","aat/aTAat","Asn226fs","372"
"FN433596","1042981","G","A","406","1","0.47","13148.5","missense_variant","MISSENSE","MODERATE","fabH","874G>A","Gca/Aca","Ala292Thr","313"
"FN433596","1046322","A","G","408","1","0.47","13469.6","synonymous_variant","SILENT","LOW","oppC","423A>G","caA/caG","Gln141Gln","356"
"FN433596","1055575","AGGGGGGGA","AGGGGGGA","337","1","0.47","11181.7","intergenic_region","","MODIFIER","","1055582delG","","",""
"FN433596","1060405","A","G","385","1","0.5","12931.7","intergenic_region","","MODIFIER","","1060405A>G","","",""
"FN433596","1062279","T","G","469","1","0.48","15441.2","intergenic_region","","MODIFIER","","1062279T>G","","",""
"FN433596","1064148","T","C","437","1","0.46","14593.4","synonymous_variant","SILENT","LOW","SATW20_10010","447A>G","gaA/gaG","Glu149Glu","197"
"FN433596","1064719","T","C","448","1","0.48","14946.8","intergenic_region","","MODIFIER","","1064719T>C","","",""
"FN433596","1070662","C","T","413","1","0.41","13822.1","synonymous_variant","SILENT","LOW","SATW20_10070","1791C>T","acC/acT","Thr597Thr","614"
"FN433596","1076627","A","G","448","1","0.47","14615.4","intergenic_region","","MODIFIER","","1076627A>G","","",""
"FN433596","1093073","A","G","412","1","0.44","13669.6","intergenic_region","","MODIFIER","","1093073A>G","","",""
"FN433596","1106885","A","C","384","1","0.47","12684.2","missense_variant","MISSENSE","MODERATE","SATW20_10400","1664A>C","gAc/gCc","Asp555Ala","557"
"FN433596","1122349","A","T","415","1","0.48","14046.7","missense_variant","MISSENSE","MODERATE","fmt","532A>T","Aat/Tat","Asn178Tyr","397"
"FN433596","1123740","T","G","410","1","0.48","13608.1","missense_variant","MISSENSE","MODERATE","qoxD","87A>C","caA/caC","Gln29His","92"
"FN433596","1125278","T","C","421","1","0.46","13937.8","missense_variant","MISSENSE","MODERATE","qoxB","1141A>G","Aca/Gca","Thr381Ala","662"
"FN433596","1127550","A","G","397","1","0.47","12997.3","intergenic_region","","MODIFIER","","1127550A>G","","",""
"FN433596","1128800","G","T","355","1","0.42","11440.2","intergenic_region","","MODIFIER","","1128800G>T","","",""
"FN433596","1129024","C","A","427","1","0.46","13660.1","intergenic_region","","MODIFIER","","1129024C>A","","",""
"FN433596","1137609","T","C","373","1","0.46","10761.8","synonymous_variant","SILENT","LOW","purM","462T>C","gcT/gcC","Ala154Ala","342"
"FN433596","1139983","T","C","400","1","0.47","13105.8","synonymous_variant","SILENT","LOW","purH","1224T>C","ggT/ggC","Gly408Gly","492"
"FN433596","1148144","A","T","418","1","0.46","13539.1","missense_variant","MISSENSE","MODERATE","SATW20_10760","994A>T","Aca/Tca","Thr332Ser","390"
"FN433596","1157372","G","A","419","1","0.48","14143.1","intergenic_region","","MODIFIER","","1157372G>A","","",""
"FN433596","1157779","T","C","442","1","0.5","14789.7","missense_variant","MISSENSE","MODERATE","SATW20_10860","418A>G","Ata/Gta","Ile140Val","183"
"FN433596","1168124","A","G","400","1","0.49","12954.3","missense_variant","MISSENSE","MODERATE","SATW20_10970","43A>G","Agt/Ggt","Ser15Gly","357"
"FN433596","1170605","A","G","345","1","0.49","10634.9","synonymous_variant","SILENT","LOW","SATW20_10990","75A>G","ggA/ggG","Gly25Gly","139"
"FN433596","1172316","A","G","357","1","0.49","11790.4","synonymous_variant","SILENT","LOW","SATW20_11000","69T>C","ttT/ttC","Phe23Phe","450"
"FN433596","1172434","G","T","427","1","0.46","14025.4","intergenic_region","","MODIFIER","","1172434G>T","","",""
"FN433596","1172459","A","T","402","1","0.45","13290.1","intergenic_region","","MODIFIER","","1172459A>T","","",""
"FN433596","1188862","C","A","409","1","0.49","13524.7","missense_variant","MISSENSE","MODERATE","SATW20_11150","43G>T","Ggt/Tgt","Gly15Cys","308"
"FN433596","1191816","G","A","386","1","0.49","12816.7","missense_variant","MISSENSE","MODERATE","SATW20_11200","271C>T","Cat/Tat","His91Tyr","379"
"FN433596","1196243","GTTGGCTGTCT","GT","228","1","0.47","4944.61","conservative_inframe_deletion","","MODERATE","isdA","117_125delAGACAGCCA","gcagacagccaa/gca","Asp40_Gln42del","350"
"FN433596","1201392","A","G","409","1","0.47","13402.5","intergenic_region","","MODIFIER","","1201392A>G","","",""
"FN433596","1201747","T","C","376","1","0.45","12352.1","synonymous_variant","SILENT","LOW","SATW20_11310","36T>C","atT/atC","Ile12Ile","246"
"FN433596","1204147","C","T","345","0.99","0.44","11238.6","missense_variant","MISSENSE","MODERATE","pheT","257C>T","gCa/gTa","Ala86Val","800"
"FN433596","1206826","T","C","346","0.99","0.47","11099.5","missense_variant","MISSENSE","MODERATE","rnhC","595A>G","Aaa/Gaa","Lys199Glu","318"
"FN433596","1222393","G","T","414","1","0.49","13681.5","missense_variant","MISSENSE","MODERATE","flr","193C>A","Cta/Ata","Leu65Ile","133"
"FN433596","1227284","GCCGAAAAACATC","GC","274","1","0.49","8798.14","intergenic_region","","MODIFIER","","1227286_1227296delCGAAAAACATC","","",""
"FN433596","1230536","T","G","385","1","0.48","12972.1","intergenic_region","","MODIFIER","","1230536T>G","","",""
"FN433596","1230935","T","C","98","0.99","0.44","2805.31","intergenic_region","","MODIFIER","","1230935T>C","","",""
"FN433596","1241154","G","A","410","1","0.48","13837.4","intergenic_region","","MODIFIER","","1241154G>A","","",""
"FN433596","1243372","G","A","396","1","0.48","12666.1","synonymous_variant","SILENT","LOW","SATW20_11710","705G>A","gaG/gaA","Glu235Glu","537"
"FN433596","1243964","C","T","367","1","0.49","11895.8","missense_variant","MISSENSE","MODERATE","SATW20_11710","1297C>T","Cgt/Tgt","Arg433Cys","537"
"FN433596","1246259","T","C","426","1","0.49","13581.5","synonymous_variant","SILENT","LOW","pbpA","57T>C","gtT/gtC","Val19Val","744"
"FN433596","1246812","G","A","412","1","0.46","13897.2","missense_variant","MISSENSE","MODERATE","pbpA","610G>A","Gat/Aat","Asp204Asn","744"
"FN433596","1261219","T","G","359","1","0.47","11927.6","missense_variant","MISSENSE","MODERATE","ileS","1762T>G","Ttt/Gtt","Phe588Val","917"
"FN433596","1262808","T","C","375","1","0.47","11733.9","missense_variant","MISSENSE","MODERATE","SATW20_11880","308T>C","aTa/aCa","Ile103Thr","265"
"FN433596","1270766","T","C","378","1","0.49","11797.4","synonymous_variant","SILENT","LOW","pyrAA","582T>C","tgT/tgC","Cys194Cys","366"
"FN433596","1271685","G","A","388","1","0.46","12944.6","missense_variant","MISSENSE","MODERATE","pyrAB","408G>A","atG/atA","Met136Ile","1057"
"FN433596","1285313","GT","GCA","374","0.84","0.44","10363.9","intergenic_region","","MODIFIER","","1285314delTinsCA","","",""
"FN433596","1285710","C","A","368","1","0.48","12396.4","intergenic_region","","MODIFIER","","1285710C>A","","",""
"FN433596","1287996","A","G","396","1","0.47","12814","missense_variant","MISSENSE","MODERATE","rsmB","617A>G","cAt/cGt","His206Arg","435"
"FN433596","1288214","C","T","395","1","0.39","12874.3","missense_variant","MISSENSE","MODERATE","rsmB","835C>T","Cca/Tca","Pro279Ser","435"
"FN433596","1290835","G","A","368","1","0.49","11981.8","missense_variant","MISSENSE","MODERATE","pknB","305G>A","cGt/cAt","Arg102His","664"
"FN433596","1296648","A","G","340","1","0.47","11277.8","synonymous_variant","SILENT","LOW","SATW20_12200","327A>G","ttA/ttG","Leu109Leu","548"
"FN433596","1309294","T","A","376","1","0.39","11926.1","missense_variant","MISSENSE","MODERATE","SATW20_12290","629T>A","tTt/tAt","Phe210Tyr","416"
"FN433596","1310599","T","C","402","1","0.49","12886","synonymous_variant","SILENT","LOW","ffh","339T>C","ggT/ggC","Gly113Gly","455"
"FN433596","1318784","T","C","394","1","0.44","12857.7","synonymous_variant","SILENT","LOW","rnhB","447T>C","acT/acC","Thr149Thr","255"
"FN433596","1321952","C","A","425","1","0.47","14480.1","missense_variant","MISSENSE","MODERATE","lytN","416C>A","tCt/tAt","Ser139Tyr","370"
"FN433596","1322039","TAAAAAAAAG","TAAAAAAAG","339","0.97","0.49","10891.3","frameshift_variant+splice_region_variant","","HIGH","lytN","510delA","aaa/","Gly171fs","370"
"FN433596","1328664","CAAAAAAAC","CAAAAAAAAC","334","0.98","0.49","10716.8","frameshift_variant","","HIGH","trmFO","1300dupA","act/aAct","Thr434fs","435"
"FN433596","1335340","G","A","395","1","0.49","12675.1","missense_variant","MISSENSE","MODERATE","pyrH","231G>A","atG/atA","Met77Ile","240"
"FN433596","1338902","T","C","368","1","0.43","12187.9","synonymous_variant","SILENT","LOW","SATW20_12560","354T>C","tgT/tgC","Cys118Cys","428"
"FN433596","1340912","T","A","432","1","0.48","14498.2","missense_variant","MISSENSE","MODERATE","proS","1058T>A","aTt/aAt","Ile353Asn","567"
"FN433596","1342413","A","G","390","1","0.47","12630.4","missense_variant","MISSENSE","MODERATE","polC","598A>G","Act/Gct","Thr200Ala","1438"
"FN433596","1350062","A","G","298","1","0.5","8936.52","missense_variant","MISSENSE","MODERATE","infB","1354A>G","Atg/Gtg","Met452Val","705"
"FN433596","1355375","C","T","369","1","0.49","12173.2","missense_variant","MISSENSE","MODERATE","pnpA","988C>T","Cca/Tca","Pro330Ser","698"
"FN433596","1358220","G","T","402","1","0.48","13181.4","missense_variant","MISSENSE","MODERATE","SATW20_12690","1501G>T","Gac/Tac","Asp501Tyr","557"
"FN433596","1376616","C","T","414","1","0.49","13657.4","missense_variant","MISSENSE","MODERATE","SATW20_12860","370C>T","Ctt/Ttt","Leu124Phe","514"
"FN433596","1395623","T","C","378","1","0.47","12093.9","synonymous_variant","SILENT","LOW","glnA","519T>C","gaT/gaC","Asp173Asp","446"
"FN433596","1400669","CAAAAAAAT","CAAAAAAAAT","338","0.96","0.47","10557.3","intergenic_region","","MODIFIER","","1400676_1400677insA","","",""
"FN433596","1418208","T","G","375","1","0.41","12243","synonymous_variant","SILENT","LOW","SATW20_13300","1161T>G","gtT/gtG","Val387Val","426"
"FN433596","1424328","A","G","391","1","0.49","12112.2","missense_variant","MISSENSE","MODERATE","katA","674A>G","aAc/aGc","Asn225Ser","505"
"FN433596","1428300","C","A","385","1","0.5","12998.3","missense_variant","MISSENSE","MODERATE","SATW20_13400","857C>A","aCt/aAt","Thr286Asn","287"
"FN433596","1428648","G","A","418","1","0.48","13918.6","intergenic_region","","MODIFIER","","1428648G>A","","",""
"FN433596","1429391","T","C","395","1","0.46","13371.7","intergenic_region","","MODIFIER","","1429391T>C","","",""
"FN433596","1432346","A","G","405","1","0.48","13614.1","intergenic_region","","MODIFIER","","1432346A>G","","",""
"FN433596","1432624","G","A","390","1","0.48","13093.2","synonymous_variant","SILENT","LOW","SATW20_13450","177G>A","aaG/aaA","Lys59Lys","80"
"FN433596","1438881","G","A","354","1","0.49","11516.4","missense_variant","MISSENSE","MODERATE","opuD1","631G>A","Ggt/Agt","Gly211Ser","548"
"FN433596","1440639","C","G","342","1","0.44","11394","intergenic_region","","MODIFIER","","1440639C>G","","",""
"FN433596","1449005","A","G","355","1","0.42","11765.8","missense_variant","MISSENSE","MODERATE","grlA","1181A>G","cAt/cGt","His394Arg","800"
"FN433596","1449805","G","A","379","1","0.47","12706","missense_variant","MISSENSE","MODERATE","grlA","1981G>A","Ggt/Agt","Gly661Ser","800"
"FN433596","1460761","G","A","377","1","0.5","12399.5","missense_variant","MISSENSE","MODERATE","SATW20_13640","875G>A","cGa/cAa","Arg292Gln","420"
"FN433596","1465934","T","A","368","1","0.48","12041.8","missense_variant","MISSENSE","MODERATE","trpG","467T>A","gTa/gAa","Val156Glu","188"
"FN433596","1473263","C","T","409","0.99","0.49","13099.3","intergenic_region","","MODIFIER","","1473263C>T","","",""
"FN433596","1473892","C","T","413","1","0.49","13953.8","intergenic_region","","MODIFIER","","1473892C>T","","",""
"FN433596","1480842","C","T","311","1","0.47","9093.68","missense_variant","MISSENSE","MODERATE","SATW20_13830","1388C>T","gCt/gTt","Ala463Val","604"
"FN433596","1486526","A","G","359","1","0.41","11605.5","missense_variant","MISSENSE","MODERATE","SATW20_13890","13A>G","Aaa/Gaa","Lys5Glu","98"
"FN433596","1490905","C","T","381","0.99","0.46","12009.8","synonymous_variant","SILENT","LOW","lysC","450C>T","ggC/ggT","Gly150Gly","401"
"FN433596","1509705","T","C","432","1","0.49","13916.7","synonymous_variant","SILENT","LOW","odhB","1110A>G","agA/agG","Arg370Arg","422"
"FN433596","1510586","T","C","338","1","0.45","10592.3","missense_variant","MISSENSE","MODERATE","odhB","229A>G","Aaa/Gaa","Lys77Glu","422"
"FN433596","1520554","G","A","360","1","0.49","11340.1","missense_variant","MISSENSE","MODERATE","SATW20_14210","1010C>T","gCg/gTg","Ala337Val","496"
"FN433596","1524126","A","G","394","1","0.41","12981.3","missense_variant","MISSENSE","MODERATE","SATW20_14260","242T>C","tTt/tCt","Phe81Ser","279"
"FN433596","1527055","G","A","332","1","0.44","11072.3","missense_variant","MISSENSE","MODERATE","cvfC","964C>T","Ctt/Ttt","Leu322Phe","374"
"FN433596","1527196","G","A","391","0.99","0.47","12403.3","missense_variant","MISSENSE","MODERATE","cvfC","823C>T","Ctt/Ttt","Leu275Phe","374"
"FN433596","1527805","C","T","362","1","0.47","12017.1","missense_variant","MISSENSE","MODERATE","cvfC","214G>A","Gaa/Aaa","Glu72Lys","374"
"FN433596","1547096","G","A","343","1","0.48","11545.4","missense_variant","MISSENSE","MODERATE","ebh","14633C>T","aCg/aTg","Thr4878Met","10421"
"FN433596","1550838","T","C","12","1","0.42","342.611","missense_variant","MISSENSE","MODERATE","ebh","10891A>G","Acg/Gcg","Thr3631Ala","10421"
"FN433596","1550845","T","A","185","1","0.47","5599.2","synonymous_variant","SILENT","LOW","ebh","10884A>T","gcA/gcT","Ala3628Ala","10421"
"FN433596","1561926","A","C","385","1","0.48","12824.5","intergenic_region","","MODIFIER","","1561926A>C","","",""
"FN433596","1576684","A","G","408","1","0.48","13729.4","missense_variant","MISSENSE","MODERATE","SATW20_14460","388T>C","Tat/Cat","Tyr130His","187"
"FN433596","1578491","C","T","440","1","0.47","14441.3","missense_variant","MISSENSE","MODERATE","recU","538C>T","Cac/Tac","His180Tyr","208"
"FN433596","1578937","C","A","399","1","0.48","13352.8","missense_variant","MISSENSE","MODERATE","pbp2","361C>A","Cat/Aat","His121Asn","727"
"FN433596","1580245","A","G","418","1","0.49","13819","missense_variant","MISSENSE","MODERATE","pbp2","1669A>G","Act/Gct","Thr557Ala","727"
"FN433596","1595955","A","G","335","1","0.45","10110.6","synonymous_variant","SILENT","LOW","aroA","381T>C","cgT/cgC","Arg127Arg","432"
"FN433596","1597056","A","G","350","1","0.46","10846.4","synonymous_variant","SILENT","LOW","aroB","354T>C","caT/caC","His118His","354"
"FN433596","1598955","TAAAAAAAT","TAAAAAAAAT","376","0.94","0.49","11517.4","intergenic_region","","MODIFIER","","1598962_1598963insA","","",""
"FN433596","1609216","A","G","409","1","0.49","13645.8","intergenic_region","","MODIFIER","","1609216A>G","","",""
"FN433596","1611556","C","T","371","1","0.46","11803","synonymous_variant","SILENT","LOW","ebpS","618G>A","gcG/gcA","Ala206Ala","486"
"FN433596","1612203","A","G","409","1","0.48","13676.8","intergenic_region","","MODIFIER","","1612203A>G","","",""
"FN433596","1613058","C","T","355","0.92","0.36","8841.87","stop_gained","NONSENSE","HIGH","SATW20_14790","648G>A","tgG/tgA","Trp216*","459"
"FN433596","1615108","A","G","387","1","0.45","12692.2","intergenic_region","","MODIFIER","","1615108A>G","","",""
"FN433596","1616425","C","T","425","1","0.45","14372.7","missense_variant","MISSENSE","MODERATE","SATW20_14830","742G>A","Gaa/Aaa","Glu248Lys","304"
"FN433596","1618134","G","A","392","1","0.46","12592.2","missense_variant","MISSENSE","MODERATE","SATW20_14850","185C>T","gCg/gTg","Ala62Val","312"
"FN433596","1618879","C","T","391","1","0.45","12393.9","missense_variant","MISSENSE","MODERATE","SATW20_14860","415G>A","Gtg/Atg","Val139Met","305"
"FN433596","1631557","A","G","383","1","0.49","12521.9","missense_variant","MISSENSE","MODERATE","SATW20_15000","676T>C","Tat/Cat","Tyr226His","251"
"FN433596","1639930","G","A","357","0.99","0.5","11339.7","intergenic_region","","MODIFIER","","1639930G>A","","",""
"FN433596","1643686","A","G","414","1","0.5","13546.1","intergenic_region","","MODIFIER","","1643686A>G","","",""
"FN433596","1646694","A","G","384","1","0.46","12063.7","missense_variant","MISSENSE","MODERATE","bfmB","197T>C","gTt/gCt","Val66Ala","424"
"FN433596","1663850","A","G","357","1","0.47","11436","synonymous_variant","SILENT","LOW","SATW20_15310","588T>C","ggT/ggC","Gly196Gly","490"
"FN433596","1673847","C","T","389","1","0.49","13079","missense_variant","MISSENSE","MODERATE","SATW20_15450","1054G>A","Gtt/Att","Val352Ile","487"
"FN433596","1674200","G","A","387","0.99","0.46","12473","missense_variant","MISSENSE","MODERATE","SATW20_15450","701C>T","gCa/gTa","Ala234Val","487"
"FN433596","1678771","T","G","382","1","0.49","12630.1","intergenic_region","","MODIFIER","","1678771T>G","","",""
"FN433596","1685293","C","A","389","1","0.49","12302.1","synonymous_variant","SILENT","LOW","SATW20_15560","54G>T","ggG/ggT","Gly18Gly","225"
"FN433596","1688140","C","T","394","1","0.48","12483.7","missense_variant","MISSENSE","MODERATE","dnaG","467G>A","cGa/cAa","Arg156Gln","599"
"FN433596","1689278","G","A","382","1","0.47","12626.4","missense_variant","MISSENSE","MODERATE","yqfL","208C>T","Cct/Tct","Pro70Ser","272"
"FN433596","1689657","T","C","401","1","0.5","13388.5","missense_variant","MISSENSE","MODERATE","ccpN","379A>G","Aag/Gag","Lys127Glu","179"
"FN433596","1693004","T","C","384","1","0.49","11838.7","missense_variant","MISSENSE","MODERATE","era","665A>G","aAc/aGc","Asn222Ser","299"
"FN433596","1698681","CTTTTTTTA","CTTTTTTTTA","396","0.94","0.45","12060.8","intergenic_region","","MODIFIER","","1698688_1698689insT","","",""
"FN433596","1699193","T","C","302","0.98","0.33","8027.24","intergenic_region","","MODIFIER","","1699193T>C","","",""
"FN433596","1702149","C","T","420","1","0.49","14227.6","synonymous_variant","SILENT","LOW","SATW20_15740","165G>A","gaG/gaA","Glu55Glu","312"
"FN433596","1705353","G","T","379","1","0.49","12724.6","synonymous_variant","SILENT","LOW","dnaK","72C>A","ccC/ccA","Pro24Pro","610"
"FN433596","1716315","CAAAAAAAT","CAAAAAAT","319","1","0.5","10827.6","frameshift_variant","","HIGH","SATW20_15860","293delT","att/","Cys100fs","238"
"FN433596","1731674","C","T","417","1","0.47","13990.8","missense_variant","MISSENSE","MODERATE","SATW20_16040","238G>A","Gtt/Att","Val80Ile","244"
"FN433596","1751209","T","A","426","1","0.5","14371.4","intergenic_region","","MODIFIER","","1751209T>A","","",""
"FN433596","1764005","T","C","387","0.99","0.43","12628.2","synonymous_variant","SILENT","LOW","secF","369A>G","gtA/gtG","Val123Val","759"
"FN433596","1764657","G","A","386","1","0.49","12794.4","synonymous_variant","SILENT","LOW","SATW20_16320","252C>T","gaC/gaT","Asp84Asp","86"
"FN433596","1766675","T","C","379","0.99","0.47","11121.6","missense_variant","MISSENSE","MODERATE","queA","440A>G","gAa/gGa","Glu147Gly","341"
"FN433596","1802747","G","A","371","1","0.46","11434.7","intragenic_variant","","MODIFIER","SATW20_m230","1802747G>A","","",""
"FN433596","1810035","C","T","410","1","0.49","13662.8","intergenic_region","","MODIFIER","","1810035C>T","","",""
"FN433596","1811235","TAAAAAAT","TAAAAAT","325","1","0.48","10873.4","intergenic_region","","MODIFIER","","1811241delA","","",""
"FN433596","1814308","C","T","423","1","0.49","14113.5","synonymous_variant","SILENT","LOW","polA","1152G>A","ttG/ttA","Leu384Leu","876"
"FN433596","1816076","A","T","412","1","0.48","13704.5","missense_variant","MISSENSE","MODERATE","SATW20_16810","1165T>A","Ttt/Att","Phe389Ile","495"
"FN433596","1831785","A","G","367","1","0.48","12026.4","intergenic_region","","MODIFIER","","1831785A>G","","",""
"FN433596","1833448","T","C","460","1","0.5","15088.2","intergenic_region","","MODIFIER","","1833448T>C","","",""
"FN433596","1840099","A","G","416","1","0.48","13711.1","intergenic_region","","MODIFIER","","1840099A>G","","",""
"FN433596","1845762","T","C","450","1","0.46","15099.8","intergenic_region","","MODIFIER","","1845762T>C","","",""
"FN433596","1867794","T","A","416","1","0.49","13229.3","missense_variant","MISSENSE","MODERATE","harA","1313A>T","gAg/gTg","Glu438Val","895"
"FN433596","1869390","A","G","422","1","0.48","14053.4","intergenic_region","","MODIFIER","","1869390A>G","","",""
"FN433596","1872834","T","C","352","1","0.49","11111","missense_variant","MISSENSE","MODERATE","acsA","419A>G","gAt/gGt","Asp140Gly","568"
"FN433596","1877545","T","A","397","1","0.46","13267.6","missense_variant","MISSENSE","MODERATE","SATW20_17270","421A>T","Ata/Tta","Ile141Leu","363"
"FN433596","1883107","G","C","367","0.99","0.49","10789.9","missense_variant","MISSENSE","MODERATE","SATW20_17310","2717C>G","aCt/aGt","Thr906Ser","1274"
"FN433596","1887500","G","A","447","1","0.46","15011.8","synonymous_variant","SILENT","LOW","SATW20_17340","238C>T","Ctg/Ttg","Leu80Leu","103"
"FN433596","1887648","A","T","366","1","0.45","10492.2","stop_gained","NONSENSE","HIGH","SATW20_17340","90T>A","tgT/tgA","Cys30*","103"
"FN433596","1890562","CTTTTTTA","CTTTTTTTA","363","0.98","0.48","11213.5","intergenic_region","","MODIFIER","","1890568_1890569insT","","",""
"FN433596","1891152","A","G","412","1","0.48","13203.4","missense_variant","MISSENSE","MODERATE","SATW20_17380","205T>C","Tgt/Cgt","Cys69Arg","214"
"FN433596","1891196","T","G","380","1","0.46","12555.7","missense_variant","MISSENSE","MODERATE","SATW20_17380","161A>C","aAa/aCa","Lys54Thr","214"
"FN433596","1903045","GTTTTTTTA","GTTTTTTTTA","320","0.96","0.45","9261.15","frameshift_variant","","HIGH","sasC","3815_3816insA","gta/gtAa","Gln1275fs","2186"
"FN433596","1905276","G","A","413","1","0.42","13649.3","missense_variant","MISSENSE","MODERATE","sasC","1592C>T","aCg/aTg","Thr531Met","2186"
"FN433596","1906474","C","T","430","1","0.47","13996.1","missense_variant","MISSENSE","MODERATE","sasC","394G>A","Gct/Act","Ala132Thr","2186"
"FN433596","1906953","C","A","412","1","0.48","13612.2","intergenic_region","","MODIFIER","","1906953C>A","","",""
"FN433596","1913820","G","A","18","1","0.28","523.291","intergenic_region","","MODIFIER","","1913820G>A","","",""
"FN433596","1915142","C","T","13","1","0.46","388.118","intergenic_region","","MODIFIER","","1915142C>T","","",""
"FN433596","1919654","G","A","406","1","0.45","13533.5","missense_variant","MISSENSE","MODERATE","ribA","656C>T","aCa/aTa","Thr219Ile","393"
"FN433596","1920427","A","C","445","1","0.47","14983.9","missense_variant","MISSENSE","MODERATE","ribE","526T>G","Tat/Gat","Tyr176Asp","210"
"FN433596","1922749","T","C","411","1","0.48","13735.6","missense_variant","MISSENSE","MODERATE","SATW20_17620","1237A>G","Aat/Gat","Asn413Asp","500"
"FN433596","1926545","TAAAAAAC","TAAAAAAAC","360","0.96","0.49","11253.8","intergenic_region","","MODIFIER","","1926551_1926552insA","","",""
"FN433596","1927134","C","T","373","1","0.49","12502.6","missense_variant","MISSENSE","MODERATE","SATW20_17650","542G>A","gGa/gAa","Gly181Glu","284"
"FN433596","1932255","C","T","483","1","0.48","16344.5","synonymous_variant","SILENT","LOW","SATW20_17720","82C>T","Cta/Tta","Leu28Leu","100"
"FN433596","1946363","TAAAAAAAT","TAAAAAAAAT","358","0.96","0.48","11319.8","frameshift_variant","","HIGH","SATW20_17870","58_59insT","att/aTtt","Leu22fs","160"
"FN433596","1957002","T","G","11","1","0.36","326.219","splice_donor_variant+intron_variant","","HIGH","SATW20_18000","2853+1A>C","","","1370"
"FN433596","1958357","G","A","439","1","0.48","14807.1","missense_variant","MISSENSE","MODERATE","SATW20_18000","1499C>T","cCa/cTa","Pro500Leu","1370"
"FN433596","1958418","G","T","412","1","0.5","14032.7","missense_variant","MISSENSE","MODERATE","SATW20_18000","1438C>A","Caa/Aaa","Gln480Lys","1370"
"FN433596","1960049","A","G","458","1","0.5","15154.6","intergenic_region","","MODIFIER","","1960049A>G","","",""
"FN433596","1979001","A","G","473","1","0.49","15811.4","intergenic_region","","MODIFIER","","1979001A>G","","",""
"FN433596","1981162","T","C","451","1","0.42","15040.3","intergenic_region","","MODIFIER","","1981162T>C","","",""
"FN433596","2002634","T","C","404","1","0.5","13293.8","intergenic_region","","MODIFIER","","2002634T>C","","",""
"FN433596","2005058","A","G","386","1","0.46","12854.5","missense_variant","MISSENSE","MODERATE","yhcR","383T>C","cTt/cCt","Leu128Pro","207"
"FN433596","2015662","A","G","482","1","0.47","16140.9","intergenic_region","","MODIFIER","","2015662A>G","","",""
"FN433596","2021313","T","C","289","1","0.48","8947.83","intragenic_variant","","MODIFIER","SATW20_t490","2021313T>C","","",""
"FN433596","2026699","A","G","447","1","0.46","14946.1","intergenic_region","","MODIFIER","","2026699A>G","","",""
"FN433596","2027204","TAAAAAAAAG","TAAAAAAAG","379","1","0.49","12666","intergenic_region","","MODIFIER","","2027212delA","","",""
"FN433596","2035784","G","A","362","0.99","0.49","11205.3","missense_variant","MISSENSE","MODERATE","SATW20_18620","338C>T","gCg/gTg","Ala113Val","345"
"FN433596","2053430","T","C","46","0.89","0.39","948.376","intergenic_region","","MODIFIER","","2053430T>C","","",""
"FN433596","2053441","T","C","93","1","0.43","2060.31","intergenic_region","","MODIFIER","","2053441T>C","","",""
"FN433596","2054900","A","G","334","1","0.48","10128.1","intergenic_region","","MODIFIER","","2054900A>G","","",""
"FN433596","2058050","C","G","436","1","0.47","14441","intergenic_region","","MODIFIER","","2058050C>G","","",""
"FN433596","2068298","A","G","468","1","0.48","15640.7","intergenic_region","","MODIFIER","","2068298A>G","","",""
"FN433596","2078765","A","T","395","1","0.39","13226.9","intergenic_region","","MODIFIER","","2078765A>T","","",""
"FN433596","2085943","T","A","417","1","0.47","13652.5","missense_variant","MISSENSE","MODERATE","SATW20_19100","669T>A","aaT/aaA","Asn223Lys","264"
"FN433596","2096098","T","C","396","1","0.48","13097.8","missense_variant","MISSENSE","MODERATE","SATW20_19190","248T>C","aTt/aCt","Ile83Thr","346"
"FN433596","2108459","A","G","13","1","0.46","376.341","splice_donor_variant+intron_variant","","HIGH","hlb","183+1A>G","","","330"
"FN433596","2156644","G","T","420","1","0.49","14252.3","intergenic_region","","MODIFIER","","2156644G>T","","",""
"FN433596","2163621","T","C","444","1","0.49","14184.1","intergenic_region","","MODIFIER","","2163621T>C","","",""
"FN433596","2170288","A","G","420","1","0.49","12475.1","intergenic_region","","MODIFIER","","2170288A>G","","",""
"FN433596","2170552","T","C","448","1","0.46","14853","intergenic_region","","MODIFIER","","2170552T>C","","",""
"FN433596","2180509","T","C","423","1","0.43","14106.6","intergenic_region","","MODIFIER","","2180509T>C","","",""
"FN433596","2181685","A","C","446","1","0.47","14845.6","splice_acceptor_variant+intron_variant","","HIGH","SATW20_20280","295-1T>G","","","359"
"FN433596","2191893","G","A","424","1","0.49","13849.3","missense_variant","MISSENSE","MODERATE","SATW20_20410","196C>T","Cct/Tct","Pro66Ser","148"
"FN433596","2193522","CTT","CTTT","431","0.86","0.45","10122.7","frameshift_variant","","HIGH","SATW20_20450","400dupA","aaa/aAaa","Val135fs","169"
"FN433596","2193526","C","A","410","0.98","0.43","13296.1","missense_variant","MISSENSE","MODERATE","SATW20_20450","399G>T","aaG/aaT","Lys133Asn","169"
"FN433596","2195817","T","C","463","1","0.46","15494.4","missense_variant","MISSENSE","MODERATE","SATW20_20500","653A>G","gAt/gGt","Asp218Gly","332"
"FN433596","2197805","T","C","415","1","0.5","13878.3","missense_variant","MISSENSE","MODERATE","SATW20_20530","151A>G","Att/Gtt","Ile51Val","203"
"FN433596","2206902","ATTTTTA","ATTTTTTA","387","0.97","0.44","12157.6","intron_variant","","MODIFIER","SATW20_20280","295-25224_295-25223insA","","","359"
"FN433596","2209449","TCT","TCCT","454","0.96","0.47","14076.4","intron_variant","","MODIFIER","SATW20_20280","295-27767_295-27766insG","","","359"
"FN433596","2223799","T","C","428","1","0.48","14090.7","intron_variant","","MODIFIER","SATW20_20280","295-42115A>G","","","359"
"FN433596","2227053","T","C","460","1","0.49","15509.8","missense_variant","MISSENSE","MODERATE","SATW20_21090","160A>G","Aat/Gat","Asn54Asp","74"
"FN433596","2232266","C","T","493","1","0.47","16651.9","missense_variant","MISSENSE","MODERATE","SATW20_21200","1475G>A","cGt/cAt","Arg492His","588"
"FN433596","2241386","T","C","478","1","0.49","15927.1","missense_variant","MISSENSE","MODERATE","SATW20_21290","343A>G","Aat/Gat","Asn115Asp","334"
"FN433596","2243073","C","A","529","1","0.49","17540.7","intron_variant","","MODIFIER","SATW20_20280","295-61389G>T","","","359"
"FN433596","2244390","TTATATAT","TTATATATAT","334","0.9","0.33","9041.98","intron_variant","","MODIFIER","SATW20_20280","295-62714_295-62713insAT","","","359"
"FN433596","2246413","G","C","19","0.95","0.44","506.633","intron_variant","","MODIFIER","SATW20_20280","294+62477C>G","","","359"
"FN433596","2247735","C","A","17","1","0.35","484.175","splice_donor_variant+intron_variant","","HIGH","SATW20_21350","129+2G>T","","","150"
"FN433596","2249574","C","T","292","0.99","0.27","8497.7","missense_variant","MISSENSE","MODERATE","SATW20_21400","212G>A","tGc/tAc","Cys71Tyr","219"
"FN433596","2249795","A","C","406","1","0.48","13566.2","intron_variant","","MODIFIER","SATW20_20280","294+59095T>G","","","359"
"FN433596","2249935","A","T","458","1","0.49","15355.4","intron_variant","","MODIFIER","SATW20_20280","294+58955T>A","","","359"
"FN433596","2259641","G","A","502","1","0.47","16865.7","synonymous_variant","SILENT","LOW","SATW20_21500","438G>A","aaG/aaA","Lys146Lys","498"
"FN433596","2262796","CTTTTTTTC","CTTTTTTC","358","0.99","0.5","11354.2","frameshift_variant","","HIGH","SATW20_21540","69delT","ttt/","Asn25fs","109"
"FN433596","2269127","A","G","437","1","0.43","14704.7","missense_variant","MISSENSE","MODERATE","SATW20_21580","488A>G","tAt/tGt","Tyr163Cys","459"
"FN433596","2273494","C","T","444","1","0.47","14619.9","missense_variant","MISSENSE","MODERATE","SATW20_21640","578C>T","aCc/aTc","Thr193Ile","221"
"FN433596","2273733","C","T","436","1","0.48","14353.5","synonymous_variant","SILENT","LOW","SATW20_21650","162C>T","acC/acT","Thr54Thr","173"
"FN433596","2279254","C","T","413","1","0.45","13645.3","missense_variant","MISSENSE","MODERATE","SATW20_21710","1211C>T","tCc/tTc","Ser404Phe","2757"
"FN433596","2280904","G","A","417","1","0.49","13611.2","missense_variant","MISSENSE","MODERATE","SATW20_21710","2861G>A","gGt/gAt","Gly954Asp","2757"
"FN433596","2282799","A","G","380","0.99","0.45","11367.1","missense_variant","MISSENSE","MODERATE","SATW20_21710","4756A>G","Act/Gct","Thr1586Ala","2757"
"FN433596","2283770","C","T","415","0.98","0.48","10621.9","synonymous_variant","SILENT","LOW","SATW20_21710","5727C>T","ggC/ggT","Gly1909Gly","2757"
"FN433596","2295110","T","C","438","1","0.49","14181","synonymous_variant","SILENT","LOW","SATW20_21730","6630T>C","ggT/ggC","Gly2210Gly","2733"
"FN433596","2309738","T","C","511","1","0.49","16016.5","missense_variant","MISSENSE","MODERATE","SATW20_21860","385A>G","Aac/Gac","Asn129Asp","211"
"FN433596","2331873","C","T","761","1","0.47","24883.7","intergenic_region","","MODIFIER","","2331873C>T","","",""
"FN433596","2335078","A","G","480","1","0.5","15880.8","synonymous_variant","SILENT","LOW","SATW20_22030","2058T>C","atT/atC","Ile686Ile","716"
"FN433596","2340223","G","A","473","1","0.47","15867.2","missense_variant","MISSENSE","MODERATE","rsbU","19C>T","Cat/Tat","His7Tyr","333"
"FN433596","2349614","C","T","440","1","0.47","14537.5","missense_variant","MISSENSE","MODERATE","kdpA","211G>A","Ggg/Agg","Gly71Arg","558"
"FN433596","2351142","A","G","487","1","0.45","16050.6","missense_variant","MISSENSE","MODERATE","kdpD","1047A>G","atA/atG","Ile349Met","885"
"FN433596","2356425","G","A","470","1","0.5","15420","missense_variant","MISSENSE","MODERATE","SATW20_22210","788C>T","aCa/aTa","Thr263Ile","452"
"FN433596","2363426","A","T","83","1","0.35","2346.53","intergenic_region","","MODIFIER","","2363426A>T","","",""
"FN433596","2364987","A","T","472","1","0.47","15625.4","missense_variant","MISSENSE","MODERATE","thiE","611T>A","gTt/gAt","Val204Asp","213"
"FN433596","2375063","T","C","442","1","0.47","14644.2","missense_variant","MISSENSE","MODERATE","atpG","751A>G","Act/Gct","Thr251Ala","288"
"FN433596","2381231","A","G","416","1","0.43","12708.4","missense_variant","MISSENSE","MODERATE","mnaA","53T>C","gTt/gCt","Val18Ala","375"
"FN433596","2381419","G","A","416","1","0.48","13415.7","missense_variant","MISSENSE","MODERATE","upp","518C>T","gCa/gTa","Ala173Val","209"
"FN433596","2384460","T","C","447","1","0.46","14154.8","missense_variant","MISSENSE","MODERATE","SATW20_22540","863A>G","cAg/cGg","Gln288Arg","348"
"FN433596","2412697","TGTACACTTATGG","TG","282","1","0.47","5674.85","frameshift_variant","","HIGH","SATW20_22810","696_706delCCATAAGTGTA","aaccataagtgtaca/","His233fs","312"
"FN433596","2420581","G","A","503","1","0.5","16333.4","intergenic_region","","MODIFIER","","2420581G>A","","",""
"FN433596","2444849","C","T","287","0.99","0.33","7666.56","intragenic_variant","","MODIFIER","SATW20_t590","2444849C>T","","",""
"FN433596","2451510","T","G","426","1","0.48","13897.7","missense_variant","MISSENSE","MODERATE","SATW20_23010","158A>C","gAa/gCa","Glu53Ala","354"
"FN433596","2458624","C","T","17","0.94","0.5","441.025","intergenic_region","","MODIFIER","","2458624C>T","","",""
"FN433596","2458630","C","A","316","1","0.49","9600.03","intergenic_region","","MODIFIER","","2458630C>A","","",""
"FN433596","2462254","C","A","453","1","0.44","14178.7","missense_variant","MISSENSE","MODERATE","SATW20_23110","37G>T","Gat/Tat","Asp13Tyr","343"
"FN433596","2463333","G","A","501","1","0.48","16800.8","intergenic_region","","MODIFIER","","2463333G>A","","",""
"FN433596","2467280","G","T","418","1","0.5","13149.5","missense_variant","MISSENSE","MODERATE","SATW20_23150","256C>A","Ctc/Atc","Leu86Ile","345"
"FN433596","2494666","G","A","521","1","0.47","17488.8","synonymous_variant","SILENT","LOW","SATW20_23420","363C>T","gtC/gtT","Val121Val","271"
"FN433596","2501218","TAAAAAAAT","TAAAAAAT","437","1","0.45","14577.8","intergenic_region","","MODIFIER","","2501225delA","","",""
"FN433596","2514344","A","T","523","1","0.49","17421","missense_variant","MISSENSE","MODERATE","secY","385T>A","Ttg/Atg","Leu129Met","430"
"FN433596","2549929","T","C","483","1","0.49","15970.4","missense_variant","MISSENSE","MODERATE","modA","334A>G","Aat/Gat","Asn112Asp","260"
"FN433596","2553770","C","T","486","1","0.48","15936.1","synonymous_variant","SILENT","LOW","SATW20_24150","210G>A","ggG/ggA","Gly70Gly","313"
"FN433596","2555426","CAAAAAAG","CAAAAAAAG","466","0.94","0.48","14323.8","intergenic_region","","MODIFIER","","2555432_2555433insA","","",""
"FN433596","2557185","G","A","513","1","0.49","16626.1","missense_variant","MISSENSE","MODERATE","SATW20_24180","590C>T","gCa/gTa","Ala197Val","301"
"FN433596","2557885","C","T","552","1","0.48","18665.9","intergenic_region","","MODIFIER","","2557885C>T","","",""
"FN433596","2571141","T","G","474","1","0.46","15434.1","missense_variant","MISSENSE","MODERATE","SATW20_24320","443A>C","gAa/gCa","Glu148Ala","360"
"FN433596","2584529","A","G","518","1","0.48","16015.3","stop_retained_variant","SILENT","LOW","SATW20_24440","276A>G","taA/taG","Ter92Ter","121"
"FN433596","2616388","G","A","547","1","0.47","16159.2","missense_variant","MISSENSE","MODERATE","SATW20_24760","412G>A","Ggt/Agt","Gly138Ser","402"
"FN433596","2619257","T","C","467","1","0.43","15395.6","missense_variant","MISSENSE","MODERATE","SATW20_24780","4A>G","Act/Gct","Thr2Ala","315"
"FN433596","2621101","C","T","508","1","0.5","16958.3","missense_variant","MISSENSE","MODERATE","SATW20_24810","174G>A","atG/atA","Met58Ile","300"
"FN433596","2621373","A","G","519","1","0.48","17308.4","intergenic_region","","MODIFIER","","2621373A>G","","",""
"FN433596","2634745","T","C","495","1","0.49","16215","synonymous_variant","SILENT","LOW","hssS","558T>C","taT/taC","Tyr186Tyr","457"
"FN433596","2635142","A","G","516","1","0.47","17055.9","missense_variant","MISSENSE","MODERATE","hssS","955A>G","Att/Gtt","Ile319Val","457"
"FN433596","2650404","A","G","484","0.99","0.46","12898.6","intergenic_region","","MODIFIER","","2650404A>G","","",""
"FN433596","2650440","GATTA","AAG","294","0.99","0.45","7508.7","intergenic_region","","MODIFIER","","2650440_2650444delGATTAinsAAG","","",""
"FN433596","2651744","G","A","510","1","0.48","15815.2","missense_variant","MISSENSE","MODERATE","scrA","161C>T","aCg/aTg","Thr54Met","480"
"FN433596","2652012","ATTTTTG","ATTTTTTG","456","0.98","0.49","14358.7","intergenic_region","","MODIFIER","","2652017_2652018insT","","",""
"FN433596","2653972","G","T","489","1","0.45","15794.3","synonymous_variant","SILENT","LOW","SATW20_25110","15G>T","ctG/ctT","Leu5Leu","701"
"FN433596","2669736","T","G","404","1","0.45","12623.3","missense_variant","MISSENSE","MODERATE","narG","3377A>C","aAt/aCt","Asn1126Thr","1229"
"FN433596","2689583","A","G","469","1","0.49","15284.9","synonymous_variant","SILENT","LOW","SATW20_25450","270T>C","agT/agC","Ser90Ser","479"
"FN433596","2690373","T","C","477","1","0.49","15433.9","missense_variant","MISSENSE","MODERATE","SATW20_25460","598A>G","Aat/Gat","Asn200Asp","228"
"FN433596","2696146","T","G","483","1","0.48","16254.2","intergenic_region","","MODIFIER","","2696146T>G","","",""
"FN433596","2705670","C","A","587","1","0.5","19606.8","missense_variant","MISSENSE","MODERATE","SATW20_25580","57G>T","atG/atT","Met19Ile","577"
"FN433596","2727591","G","A","481","1","0.44","15807.9","missense_variant","MISSENSE","MODERATE","opuCC","299C>T","aCg/aTg","Thr100Met","313"
"FN433596","2741056","A","C","507","1","0.41","16687.5","intergenic_region","","MODIFIER","","2741056A>C","","",""
"FN433596","2742897","GTTTTTTC","GTTTTTTTC","493","0.96","0.45","14432.4","frameshift_variant","","HIGH","SATW20_25890","62dupT","ttc/ttTc","Lys22fs","249"
"FN433596","2743337","A","G","559","1","0.46","18638.3","missense_variant","MISSENSE","MODERATE","SATW20_25890","496A>G","Att/Gtt","Ile166Val","249"
"FN433596","2755147","A","G","449","1","0.5","14365.1","synonymous_variant","SILENT","LOW","SATW20_26000","141T>C","ttT/ttC","Phe47Phe","239"
"FN433596","2755604","AGGGGGGA","AGGGGGA","436","0.93","0.44","13245.9","intergenic_region","","MODIFIER","","2755610delG","","",""
"FN433596","2766388","A","G","470","1","0.47","15596.1","missense_variant","MISSENSE","MODERATE","SATW20_26110","380T>C","aTg/aCg","Met127Thr","130"
"FN433596","2773653","CTTTTTTTTC","CTTTTTTTC","424","1","0.49","14026.7","frameshift_variant","","HIGH","sasG","1276delA","aaa/","Lys428fs","1113"
"FN433596","2775808","TTATATATATAT","TTATATATAT","208","0.94","0.45","6529.71","intergenic_region","","MODIFIER","","2775818_2775819delAT","","",""
"FN433596","2781013","A","C","492","0.96","0.44","14196","missense_variant","MISSENSE","MODERATE","SATW20_26220","20T>G","tTt/tGt","Phe7Cys","40"
"FN433596","2789319","C","T","521","1","0.47","17303","synonymous_variant","SILENT","LOW","SATW20_26270","288G>A","caG/caA","Gln96Gln","254"
"FN433596","2797586","T","C","534","1","0.49","17926.9","synonymous_variant","SILENT","LOW","SATW20_26340","111A>G","acA/acG","Thr37Thr","152"
"FN433596","2798684","A","G","519","1","0.5","17262.7","synonymous_variant","SILENT","LOW","SATW20_26350","555A>G","ttA/ttG","Leu185Leu","231"
"FN433596","2804237","T","C","517","1","0.44","16555.8","missense_variant","MISSENSE","MODERATE","SATW20_26400","809A>G","cAt/cGt","His270Arg","322"
"FN433596","2807953","C","T","510","1","0.49","17194","intergenic_region","","MODIFIER","","2807953C>T","","",""
"FN433596","2816875","T","G","527","1","0.49","17448.8","intergenic_region","","MODIFIER","","2816875T>G","","",""
"FN433596","2823185","G","T","532","1","0.47","17468.6","intergenic_region","","MODIFIER","","2823185G>T","","",""
"FN433596","2829584","A","G","590","1","0.45","20001.8","intergenic_region","","MODIFIER","","2829584A>G","","",""
"FN433596","2843448","T","A","472","1","0.46","15559","missense_variant","MISSENSE","MODERATE","SATW20_26760","322A>T","Att/Ttt","Ile108Phe","514"
"FN433596","2859765","C","T","573","1","0.48","19113.7","intergenic_region","","MODIFIER","","2859765C>T","","",""
"FN433596","2868038","A","G","489","1","0.46","16442.4","intergenic_region","","MODIFIER","","2868038A>G","","",""
"FN433596","2869376","TGG","TG","422","0.97","0.46","12605.8","frameshift_variant","","HIGH","SATW20_27010","265delG","gca/","Ala89fs","276"
"FN433596","2874354","A","G","519","1","0.48","17406.1","synonymous_variant","SILENT","LOW","SATW20_27060","591T>C","atT/atC","Ile197Ile","342"
"FN433596","2877226","A","G","514","1","0.46","17042.8","missense_variant","MISSENSE","MODERATE","tnpR","143T>C","gTa/gCa","Val48Ala","197"
"FN433596","2880199","C","G","516","1","0.46","17202","missense_variant","MISSENSE","MODERATE","blaZ","334C>G","Cca/Gca","Pro112Ala","281"
"FN433596","2880410","ATAAACT","AT","439","1","0.47","14249.9","frameshift_variant","","HIGH","blaZ","547_551delAAACT","aaactt/","Lys183fs","281"
"FN433596","2887454","T","C","470","1","0.48","15772.1","synonymous_variant","SILENT","LOW","SATW20_27180","1947A>G","ttA/ttG","Leu649Leu","831"
"FN433596","2892274","AGGGGGGGT","AGGGGGGT","425","0.97","0.42","12999.8","intergenic_region","","MODIFIER","","2892281delG","","",""
"FN433596","2904227","C","T","447","1","0.49","14922.9","synonymous_variant","SILENT","LOW","SATW20_27390","150C>T","atC/atT","Ile50Ile","286"
"FN433596","2907822","A","G","466","1","0.42","13992.2","missense_variant","MISSENSE","MODERATE","SATW20_27420","172A>G","Aca/Gca","Thr58Ala","482"
"FN433596","2908394","C","T","491","1","0.47","15786.3","synonymous_variant","SILENT","LOW","SATW20_27420","744C>T","tcC/tcT","Ser248Ser","482"
"FN433596","2911518","T","C","445","1","0.5","14425.7","synonymous_variant","SILENT","LOW","fda","210T>C","ggT/ggC","Gly70Gly","296"
"FN433596","2914046","AAAGCAAGCA","AAAGCA","385","1","0.42","12430.8","intergenic_region","","MODIFIER","","2914052_2914055delAGCA","","",""
"FN433596","2925575","T","C","515","1","0.49","16866.1","synonymous_variant","SILENT","LOW","nrdD","975A>G","gaA/gaG","Glu325Glu","616"
"FN433596","2933344","C","A","577","1","0.48","19577.2","intergenic_region","","MODIFIER","","2933344C>A","","",""
"FN433596","2948872","T","G","485","1","0.48","16043.3","synonymous_variant","SILENT","LOW","arcB","240A>C","ccA/ccC","Pro80Pro","336"
"FN433596","2953133","G","A","581","1","0.48","19417.3","intergenic_region","","MODIFIER","","2953133G>A","","",""
"FN433596","2971291","T","C","512","1","0.42","17024.1","missense_variant","MISSENSE","MODERATE","SATW20_27870","2095A>G","Act/Gct","Thr699Ala","796"
"FN433596","2979301","TACTTT","CGCTTG","373","0.99","0.47","12033.2","missense_variant","","MODERATE","sraP","4748_4753delAAAGTAinsCAAGCG","gaaagtaca/gCAAGCGca","GluSerThr1583AlaSerAla","1759"
"FN433596","2983564","A","T","521","1","0.48","17350.4","missense_variant","MISSENSE","MODERATE","sraP","490T>A","Ttg/Atg","Leu164Met","1759"
"FN433596","2984391","G","A","445","1","0.47","15240.5","intergenic_region","","MODIFIER","","2984391G>A","","",""
"FN433596","2996246","CTTTATTTATTTATTTATTTAT","CTTTATTTATTTATTTAT","299","1","0.47","7896.89","frameshift_variant+splice_acceptor_variant+splice_region_variant+intron_variant","","HIGH","icaC","859-3_859delTTAT","ttatta/","Leu287fs","350"
"FN433596","3005614","A","T","404","1","0.43","11797.2","synonymous_variant","SILENT","LOW","hisG","462T>A","acT/acA","Thr154Thr","204"
"FN433596","3029630","A","G","528","0.99","0.46","16751.9","missense_variant","MISSENSE","MODERATE","vraE","1319A>G","aAc/aGc","Asn440Ser","626"
"FN433596","3033794","C","T","531","1","0.45","17979.4","intergenic_region","","MODIFIER","","3033794C>T","","",""